rule_id,sbc_ref,detection_type,rule_text,cv_target,category,priority
EP-001,51-3.1,PRESENCE,"All equipment, including wiring, shall be arranged to facilitate its operation, inspection and maintenance and access to its connections.",Equipment accessibility; clear working space around panels,Equipment Presence & Placement,HIGH
EP-002,51-3.1,SPACING,"Equipment likely to require examination, adjustment, servicing, or maintenance while energized shall have clear working space in the direction of access to live parts, not less than specified in Chapter 729.",Clear working space dimensions around electrical equipment,Equipment Presence & Placement,HIGH
EP-003,51-4.1,LABEL,Doors into electrical control panel rooms shall be marked with a plainly visible and legible sign stating 'electrical room' or similar approved wording.,Sign 'ELECTRICAL ROOM' on door,Equipment Presence & Placement,HIGH
EP-004,51-4.1,LABEL,"Labels or other suitable means of identification shall be provided to indicate the purpose of switchgear and controlgear, unless there is no possibility of confusion.",Identification labels on switchgear and controlgear,Equipment Presence & Placement,MEDIUM
EP-005,51-4.1,PRESENCE,"Where the functioning of switchgear and controlgear cannot be observed by the operator, and where this might cause a danger, a suitable indicator complying with IEC 60073 and IEC 60447 shall be fixed in a position visible to the operator.",Status indicator lights on switchgear,Equipment Presence & Placement,HIGH
EP-006,53-6.2.1.1,PRESENCE,Every circuit shall be capable of being isolated from all live conductors. Each supply shall have a means of isolation.,Isolation device present per circuit,Equipment Presence & Placement,HIGH
EP-007,53-6.2.1.2,PRESENCE,Suitable means shall be provided to prevent any equipment from being inadvertently or unintentionally energized.,Lock-off or warning tag on isolation devices,Equipment Presence & Placement,HIGH
EP-008,53-6.4,PRESENCE,Emergency switching shall be provided where electrically powered equipment constitutes a hazard that needs to be rapidly disconnected from supply.,Emergency stop button/switch at identified hazard locations,Equipment Presence & Placement,HIGH
EP-009,55-6.1,PRESENCE,Socket-outlets shall be provided in accordance with the installation requirements for the intended use of the building.,Socket-outlets present per room function,Equipment Presence & Placement,MEDIUM
EP-010,55-8.9,LABEL,"Electric appliances shall be marked with the rated voltage, rated current or power input, and the manufacturer name or trademark.",Nameplate/marking on electric appliances,Equipment Presence & Placement,MEDIUM
EP-011,55-9.5.4,PRESENCE,"If the luminaire does not provide connecting devices for connection to the supply, the connecting devices shall be terminals per IEC 60998 or DCL plug per IEC 61995 or installation couplers per IEC 61535.",Proper luminaire connection device visible,Equipment Presence & Placement,MEDIUM
EP-012,55-9.6,LABEL,Only independent lamp controlgear marked as suitable for independent use shall be used external to a luminaire (IEC 60417-5138 symbol).,Independent-use marking symbol on controlgear,Equipment Presence & Placement,MEDIUM
EP-013,55-9.10.1,CONDITION,"Luminaires installed in wet locations shall be installed so that water cannot enter or accumulate in wiring compartments, lampholders, or other electrical parts.",Proper luminaire enclosure condition in wet areas,Equipment Presence & Placement,HIGH
EP-014,55-9.11,LABEL,"In zones 0 and 1 hazardous locations, each luminaire shall be identified as a complete assembly for the zone and clearly marked to indicate the maximum wattage of lamps.",Zone-rated label and max wattage marking on luminaires,Equipment Presence & Placement,HIGH
LI-001,51-4.2.1,LABEL,"Wiring shall be so arranged or marked that it can be identified for inspection, testing, repairs or alteration of the installation.",Wire identification markers/labels at terminals,Labeling & Signage,MEDIUM
LI-002,51-4.2.2,COLOR,"Where an electrical conduit is required, it shall be distinguished from a pipeline or other services.",Conduit visually distinct from other services,Labeling & Signage,MEDIUM
LI-003,51-4.2.3,COLOR,Identification of conductors by color for electrical installations shall be according to Table 51-2.,Conductor insulation colors per Table 51-2,Labeling & Signage,HIGH
LI-004,51-4.2.4,LABEL,"Where an alteration or addition is made to an installation wired in old colors with an extension in new colors, alphanumeric marking for both old and new conductors at the interface shall be according to Table 51-2.",Alphanumeric conductor markings at old/new color interface,Labeling & Signage,HIGH
LI-005,51-4.2.5,LABEL,"Where an alteration or addition has been made, a warning sign in Arabic and English shall be fixed at the interface between old and new installations on or near the consumer distribution board.",Bilingual warning sign at distribution board for mixed color installations,Labeling & Signage,HIGH
LI-006,51-4.3,LABEL,The protective devices shall be arranged and identified so that the circuits protected may be easily recognized; for this purpose it may be convenient to group them in distribution boards.,Circuit identification labels on protective devices in distribution boards,Labeling & Signage,HIGH
LI-007,51-4.4.1,PRESENCE,"Where appropriate, diagrams, charts or tables per IEC 81346-1 and IEC 61082 shall be provided indicating the type and composition of circuits and the identification of devices performing protection, isolation and switching functions and their locations.",Circuit diagrams/charts posted at distribution boards,Labeling & Signage,MEDIUM
LI-008,51-4.4.2,LABEL,The symbols used in diagrams shall be chosen from IEC 60617.,IEC 60617 standard symbols on diagrams,Labeling & Signage,LOW
LI-009,55-8.9,LABEL,"Electric appliances shall be marked with the rated voltage, rated current or power input, and the manufacturer name or trademark.","Appliance nameplate with voltage, current/power, manufacturer",Labeling & Signage,MEDIUM
LI-010,712:51-4,LABEL,PV installation: DC circuits shall be identified at all points of access and at each end of every conductor.,PV DC circuit identification labels,Labeling & Signage,HIGH
LI-011,722:55-101,LABEL,Socket-outlets and vehicle connectors for EV charging shall be of a type identified for the purpose and clearly marked.,EV charging socket-outlet type marking,Labeling & Signage,HIGH
LI-012,D.57,LABEL,"Battery rooms and enclosures shall have identification labels and warning notices indicating voltage, hazard, and access restrictions.",Warning notice on battery room/enclosure,Labeling & Signage,HIGH
WS-001,52-2.1,CONDITION,Wiring systems shall be selected and erected so that they can withstand the ambient temperature (AA) expected at the installation location. Equipment shall be selected per Table 51-1 external influences.,Wiring type appropriate for ambient conditions; no heat-damaged insulation,Wiring Systems,HIGH
WS-002,52-2.2,SPACING,"Wiring systems shall be placed sufficiently far from heat sources or shall be protected against the effects of heat, including radiant heat, by shields or other suitable means.",Shield/spacing between wiring and heat sources,Wiring Systems,HIGH
WS-003,52-2.3,CONDITION,Wiring systems in locations with presence of water (AD) or high humidity (AB) shall be selected and erected to prevent water ingress or accumulation. IP rating marking shall be visible.,IP-rated enclosures and conduit in wet/humid areas,Wiring Systems,HIGH
WS-004,52-2.4,CONDITION,Wiring systems in locations with presence of solid foreign bodies (AE) shall have appropriate degree of protection (IP code) marked on enclosures.,IP-rated enclosures where dust/solid foreign bodies present,Wiring Systems,MEDIUM
WS-005,52-2.6,CONDITION,"Wiring systems subject to impact (AG) shall be protected by location or by additional mechanical protection such as conduit, trunking, or armor.",Mechanical protection on wiring in impact-prone areas,Wiring Systems,MEDIUM
WS-006,52-7.1,PRESENCE,Precautions within a fire-segregated compartment: wiring systems shall not reduce the fire integrity of the compartment. Fire barriers shall be maintained at penetration points.,Fire barrier/seal at wiring penetrations through compartment walls,Wiring Systems,HIGH
WS-007,52-7.2,PRESENCE,"Sealing of wiring system penetrations: where wiring systems pass through fire-rated walls or floors, the openings shall be sealed to maintain the fire resistance rating.",Fire-rated seal at cable entry through walls/floors,Wiring Systems,HIGH
WS-008,52-8.1,SPACING,Proximity to electrical services: wiring systems for different voltage levels or different types of circuits shall be adequately separated or segregated.,Separation between power and communication cables,Wiring Systems,MEDIUM
WS-009,52-8.3,SPACING,"Proximity to non-electrical services: electrical wiring shall not be run in the same conduit, trunking or duct as non-electrical services unless effectively separated.",No mixed electrical/non-electrical services in same conduit,Wiring Systems,MEDIUM
WS-010,44-4.7,SPACING,Cable management systems for power and information technology cables shall be arranged to minimize electromagnetic interference. Physical separation or use of separate cable trays is required.,Separate cable trays/management for power vs IT cables,Wiring Systems,MEDIUM
WS-011,44-R19,POSITION,Cables in metal cable-trays: preferred arrangement places power cables and signal cables on separate trays or with physical separation within the same tray.,Cable arrangement pattern on metal cable trays,Wiring Systems,MEDIUM
WS-012,44-R20,CONDITION,"Continuity of metallic system components: metallic conduit, trunking, and cable tray sections shall be effectively bonded and connected to maintain electrical continuity.",Intact metallic bonding between conduit/trunking sections,Wiring Systems,MEDIUM
WS-013,52-2.11,CONDITION,"Wiring systems exposed to solar radiation (AN) and ultraviolet radiation shall be of a type resistant to such exposure, or shall be provided with suitable protection.",UV-resistant cable sheathing or protective covering on outdoor wiring,Wiring Systems,MEDIUM
WS-014,52-2.12,SPACING,Wiring systems in seismic areas (AP) shall be installed with suitable supports and fixings to withstand seismic effects. Flexible connections shall be provided where necessary.,Seismic bracing on cable trays and conduit,Wiring Systems,LOW
PD-001,53-1.2,PRESENCE,"Devices for automatic disconnection of supply (circuit breakers, fuses, RCDs) shall be provided for protection against electric shock in TN, TT, and IT systems.",Circuit breakers/fuses/RCDs present at distribution board,Protective Devices,HIGH
PD-002,53-1.6,PRESENCE,Devices for additional protection: residual current protective devices (RCDs) with rated residual operating current not exceeding 30 mA shall be provided for socket-outlets intended for use by ordinary persons.,RCD (30 mA) present in circuit for general-purpose socket-outlets,Protective Devices,HIGH
PD-003,53-1.7,PRESENCE,"Monitoring devices shall be provided where required for protective measures, such as insulation monitoring devices in IT systems.",Insulation monitoring device present in IT system installations,Protective Devices,MEDIUM
PD-004,53-2.3,PRESENCE,"Arc fault detection devices (AFDDs) shall be selected and installed in accordance with the requirements for locations with particular risk of fire, as specified in Section 42-2.",AFDD present in fire-risk location circuits,Protective Devices,MEDIUM
PD-005,53-3.1,LABEL,Devices for protection against overcurrent (OCPDs) shall be clearly identified with their rated current and breaking capacity markings visible.,Rated current and breaking capacity labels on OCPDs,Protective Devices,HIGH
PD-006,53-4.1,PRESENCE,Surge protective devices (SPDs) shall be installed where required by Section 44-3 for protection against transient overvoltages of atmospheric origin.,SPD present at origin of installation (where required),Protective Devices,HIGH
PD-007,53-4.4.3,POSITION,SPDs shall be installed as close as practicable to the origin of the installation and to the incoming protective conductor connection. Connecting leads shall be as short as practicable.,SPD mounted near main distribution board origin,Protective Devices,MEDIUM
PD-008,53-4.4.9,SPACING,"Where the distance between the SPD and the equipment to be protected is greater than 10 m, additional protective measures should be provided, such as an additional SPD close to the equipment.",Additional SPD near equipment if distance > 10 m from origin SPD,Protective Devices,MEDIUM
PD-009,53-6.2,LABEL,Isolating devices shall be clearly identified and indicate the isolated position. The off position shall be clearly indicated.,ON/OFF position indicator on isolating devices,Protective Devices,HIGH
PD-010,53-6.3,PRESENCE,"Switching-off for mechanical maintenance: a device shall be provided to enable equipment to be switched off safely for mechanical maintenance, and shall be clearly identified.",Mechanical maintenance switch with identification label,Protective Devices,MEDIUM
PD-011,53-6.4,PRESENCE,Emergency switching: a device shall be provided for emergency disconnection of supply to any equipment that may give rise to danger. It shall be readily identifiable and accessible.,"Emergency switch/button (red, clearly marked)",Protective Devices,HIGH
PD-012,G.53-1,LABEL,"RCD type marking: RCDs shall be marked with their type designation (AC, A, F, or B) to indicate their behavior in the presence of DC components.",RCD type label (AC/A/F/B) visible on device,Protective Devices,HIGH
SL-001,701:3,POSITION,"Bathrooms: zones 0, 1, and 2 are defined by dimensions from the bathtub or shower. Only equipment permitted in each zone shall be installed. Zone 0 = inside bathtub/shower; Zone 1 = above bathtub up to 2.25 m; Zone 2 = 0.6 m beyond Zone 1.","No prohibited equipment in bathroom zones 0, 1, 2",Special Locations,HIGH
SL-002,701:41,ABSENCE,"In bathroom Zone 0, no switchgear, controlgear, or socket-outlets shall be installed.",No switches/sockets in bathroom Zone 0,Special Locations,HIGH
SL-003,701:41,ABSENCE,"In bathroom Zone 1, only equipment specifically designed for Zone 1 may be installed. Socket-outlets are prohibited.",No socket-outlets in bathroom Zone 1,Special Locations,HIGH
SL-004,701:41-5.2,PRESENCE,"Supplementary equipotential bonding shall be provided in locations containing a bathtub or shower, connecting all exposed-conductive-parts and extraneous-conductive-parts.",Supplementary bonding conductors visible in bathroom,Special Locations,HIGH
SL-005,702:3,POSITION,"Swimming pools: zones 0, 1, and 2 defined. Zone 0 = inside pool; Zone 1 = above pool rim up to 2.5 m; Zone 2 = 2 m beyond Zone 1.","No prohibited equipment in pool zones 0, 1, 2",Special Locations,HIGH
SL-006,702:53,ABSENCE,"In swimming pool Zone 0, no switchgear or controlgear, including socket-outlets, shall be installed.",No switches/sockets in pool Zone 0,Special Locations,HIGH
SL-007,702:52-2.8.104,ABSENCE,"Junction boxes shall not be installed in swimming pool Zone 0. In Zone 1, only SELV junction boxes are permitted and shall have IPX5 minimum and openable only by key or tool.",No junction boxes in pool Zone 0; only IPX5 SELV boxes in Zone 1,Special Locations,HIGH
SL-008,702:51-2.2,LABEL,"Electrical equipment in swimming pool zones shall have at least the IP code according to Table 702-1 (IPX8 for Zone 0, IPX5 for Zone 1, IPX4 for Zone 2).",IP rating mark on equipment in pool zones,Special Locations,HIGH
SL-009,710:41,PRESENCE,Medical locations: RCDs with rated residual operating current not exceeding 30 mA shall be provided for socket-outlets in medical locations of Group 1 and Group 2.,RCD (30 mA) for medical location socket-outlets,Special Locations,HIGH
SL-010,710:53-7,PRESENCE,Medical IT system monitoring: insulation monitoring devices shall be provided for medical IT systems with visual and audible alarms.,Insulation monitoring device with alarm in medical IT system,Special Locations,HIGH
SL-011,710:51-4,LABEL,"Medical location circuits and equipment shall be identified to indicate their group classification (Group 0, 1, or 2) and safety service classification.",Group classification label on medical location distribution boards,Special Locations,HIGH
SL-012,722:55-101,PRESENCE,EV charging: socket-outlets and vehicle connectors for electric vehicle charging shall be of a type specifically identified for EV charging purposes.,EV-rated socket-outlet/connector at charging point,Special Locations,HIGH
SL-013,722:53-6,PRESENCE,EV charging circuits shall be provided with a means of isolation accessible to the user.,Isolation device at EV charging station,Special Locations,HIGH
SL-014,720:3-101,LABEL,"Hazardous locations: zones shall be classified (Zone 0, 1, 2 for gas; Zone 20, 21, 22 for dust) and equipment shall bear marking appropriate to the zone classification.",Zone-classified equipment marking in hazardous areas,Special Locations,HIGH
SL-015,720:52,CONDITION,"Wiring systems in hazardous locations shall be of a type specified for the zone. Cable entries into enclosures shall maintain the type of protection (e.g., flameproof, increased safety).",Correct cable entry/enclosure type in hazardous zones,Special Locations,HIGH
EB-001,54-2.1.2,PRESENCE,"Where provided, earth electrodes within an installation shall be connected to the main earthing terminal using an earthing conductor.",Earthing conductor from electrode to MET,Earthing & Bonding,HIGH
EB-002,54-2.4,PRESENCE,A main earthing terminal (MET) shall be provided in every installation and shall be accessible for connection and testing.,Main earthing terminal present and accessible,Earthing & Bonding,HIGH
EB-003,54-3.2,COLOR,Protective conductors shall have green-and-yellow color identification throughout their length. PEN conductors shall be identified by blue marking at terminations in addition to green-yellow.,Green-yellow PE conductor; blue-marked PEN conductor,Earthing & Bonding,HIGH
EB-004,54-3.8,POSITION,Protective conductors shall be routed so as to minimize the possibility of damage or inadvertent disconnection during normal use or maintenance.,PE conductor routing and physical protection,Earthing & Bonding,MEDIUM
EB-005,54-4.1,PRESENCE,"Protective bonding conductors for connection to the main earthing terminal shall connect all extraneous-conductive-parts including water pipes, gas pipes, heating systems, and air-conditioning.",Bonding conductors on water/gas/heating/AC pipes,Earthing & Bonding,HIGH
EB-006,54-4.2,PRESENCE,"Protective bonding conductors for supplementary bonding shall be provided where required by the protective measures (e.g., bathrooms, medical locations).",Supplementary bonding conductors in special locations,Earthing & Bonding,HIGH
EB-007,54-2.2,CONDITION,Earth electrodes shall be of a type and installed in a manner that provides a reliable connection to earth. Concrete-embedded foundation earth electrodes shall be at least 5 cm deep in concrete.,Foundation earth electrode properly embedded in concrete,Earthing & Bonding,MEDIUM
EB-008,B.54-1,PRESENCE,"The main earthing terminal shall be connected to: foundation earth electrode or soil-embedded earth electrode, earth electrode for lightning protection system (if any), and metallic water/gas/heating service pipes entering the building.",MET connections to electrodes and services,Earthing & Bonding,HIGH
EB-009,54-2.3,LABEL,Earthing conductors shall be identified and accessible for inspection and testing. Connection points shall be accessible.,Earthing conductor identification and accessible connections,Earthing & Bonding,MEDIUM
EB-010,54-5,PRESENCE,"Functional earthing and functional-equipotential-bonding for ICT equipment shall be provided where required, with a main functional earthing terminal (MFET) if needed.",Functional earthing terminal for ICT equipment,Earthing & Bonding,LOW
ES-001,56-0.9,PRESENCE,Emergency lighting applications: emergency lighting shall be provided in locations where loss of normal lighting could cause danger. Emergency luminaires shall be clearly identifiable.,Emergency luminaire presence and identification,Emergency & Safety Services,HIGH
ES-002,56-0.10,PRESENCE,"Fire protection applications or equipment: electrical supplies for fire pumps, fire detection and alarm systems, smoke control systems shall be independently supplied and clearly identified.",Fire protection equipment supply identification,Emergency & Safety Services,HIGH
ES-003,56-0.8,CONDITION,Wiring systems for safety services shall be selected and erected to maintain functionality for the required duration under fire conditions. Fire-resistant cables shall be used where specified.,Fire-rated cable for safety service circuits,Emergency & Safety Services,HIGH
ES-004,C.56,PRESENCE,"Fire switch: where a fire switch is required, it shall be red, clearly labeled, and installed at a readily accessible location near the main entrance to the building or area served.",Red fire switch near main entrance with label,Emergency & Safety Services,HIGH
ES-005,56-0.6,PRESENCE,Electrical sources for safety services shall be independent of the normal supply and clearly identified. Standby generators or battery systems shall be installed in dedicated locations.,Identified safety service power source (generator/battery),Emergency & Safety Services,HIGH
ES-006,56-0.7,LABEL,Electrical circuits of safety services shall be independently identified and segregated from other circuits throughout the installation.,Safety service circuit identification and segregation,Emergency & Safety Services,HIGH
ES-007,718:83,PRESENCE,Fire detection and alarm systems in communal facilities and workplaces shall be provided and shall be clearly identifiable.,"Fire alarm devices (detectors, call points, sounders) visible in communal areas",Emergency & Safety Services,HIGH
ES-008,710:56,PRESENCE,Medical locations: safety service electrical supplies for medical locations shall be provided per group classification. Group 2 locations require uninterruptible power supply for safety lighting and medical IT systems.,UPS/safety supply equipment in medical Group 2 locations,Emergency & Safety Services,HIGH
IP-001,51-2.2,LABEL,Electrical equipment shall be selected and erected in accordance with the requirements of Table 51-1 indicating the characteristics of equipment according to the external influences. IP code marking shall be visible on enclosures.,IP code mark on electrical enclosures,IP Rating & Environmental,HIGH
IP-002,55-9.10.1,LABEL,Luminaires installed in wet locations shall have at least IPX4 unless otherwise specified. IP marking shall be visible on the luminaire.,IPX4+ marking on luminaires in wet locations,IP Rating & Environmental,HIGH
IP-003,702:51-2.2,LABEL,Swimming pool and fountain equipment shall have at least the IP code according to Table 702-1 (Zone 0: IPX8; Zone 1: IPX5; Zone 2: IPX4).,IP rating mark on pool/fountain zone equipment,IP Rating & Environmental,HIGH
IP-004,704:51-2,LABEL,Construction and demolition site installations: equipment shall have a degree of protection of at least IP44.,IP44+ marking on construction site equipment,IP Rating & Environmental,MEDIUM
IP-005,705:51-2,LABEL,Agricultural and horticultural premises: equipment shall have a degree of protection of at least IP44 for indoor locations and IP54 for outdoor locations.,IP44/IP54 marking on agricultural premises equipment,IP Rating & Environmental,MEDIUM
IP-006,710:51-2,LABEL,Medical locations: equipment shall have at least IPX1 for Group 0 locations and IPX4 for areas where cleaning with water jets is used.,IP rating marking on medical location equipment,IP Rating & Environmental,HIGH
IP-007,720:51,LABEL,Hazardous locations: equipment shall bear the appropriate Ex marking and IP protection rating for the zone classification in which it is installed.,Ex marking and IP rating on hazardous zone equipment,IP Rating & Environmental,HIGH
IP-008,51-2.2.2,CONDITION,"If equipment does not have the characteristics relevant to the external influences of its location, it may be used provided it is provided with appropriate additional protection (e.g., additional enclosure). The additional enclosure shall be visually identifiable.",Additional protective enclosure around under-rated equipment,IP Rating & Environmental,MEDIUM
VI-001,61-4.2.2a,PRESENCE,"Initial verification inspection shall confirm: method of protection against electric shock is correctly implemented (barriers, enclosures, insulation visible).",Protective measures against electric shock visibly implemented,Verification Inspection,HIGH
VI-002,61-4.2.2b,PRESENCE,Initial verification inspection shall confirm: presence of fire barriers and other precautions against propagation of fire and protection against thermal effects.,Fire barriers at cable penetrations present and intact,Verification Inspection,HIGH
VI-003,61-4.2.2f,PRESENCE,"Initial verification inspection shall confirm: selection, location and installation of suitable isolating and switching devices.",Isolation and switching devices present and correctly located,Verification Inspection,HIGH
VI-004,61-4.2.2g,LABEL,Initial verification inspection shall confirm: selection of equipment and protective measures appropriate to external influences and mechanical stresses.,Equipment type marking matching environmental conditions,Verification Inspection,MEDIUM
VI-005,61-4.2.2h,COLOR,Initial verification inspection shall confirm: identification of neutral and protective conductors by color and/or marking.,"Correct conductor colors (PE: green-yellow, N: blue)",Verification Inspection,HIGH
VI-006,61-4.2.2i,PRESENCE,"Initial verification inspection shall confirm: presence of diagrams, warning notices or similar information.",Diagrams and warning notices present at distribution board,Verification Inspection,MEDIUM
VI-007,61-4.2.2j,LABEL,"Initial verification inspection shall confirm: identification of circuits, overcurrent protective devices, switches, terminals, etc.","Circuit labels on protective devices, switches, terminals",Verification Inspection,HIGH
VI-008,61-4.2.2k,CONDITION,"Initial verification inspection shall confirm: adequacy of termination and connection of cables and conductors (no loose wires, proper lug connections).",Proper cable terminations (no loose/missing lugs),Verification Inspection,HIGH
VI-009,61-4.2.2l,PRESENCE,"Initial verification inspection shall confirm: selection and installation of earthing arrangements, protective conductors and their connections.",Earthing arrangement and PE connections present and visible,Verification Inspection,HIGH
VI-010,61-4.2.2m,CONDITION,"Initial verification inspection shall confirm: accessibility of equipment for convenience of operation, identification, and maintenance.",Equipment accessible; no obstructions blocking access,Verification Inspection,MEDIUM
VI-011,61-4.2.2o,CONDITION,Initial verification inspection shall confirm: exposed-conductive-parts are connected to the earthing arrangement.,Exposed-conductive-parts bonded to earthing system,Verification Inspection,HIGH
VI-012,61-4.2.2p,CONDITION,"Initial verification inspection shall confirm: selection and erection of wiring systems (correct type, routing, support).","Wiring system type, routing, and supports correct",Verification Inspection,MEDIUM
PP-001,41-2.2.1.1,LABEL,"Electrical equipment having double or reinforced insulation (Class II equipment) shall be type tested and marked to the relevant standards, identified by the symbol IEC 60417-5172.",Class II equipment symbol (double square) on electrical equipment,Physical Protection,HIGH
PP-002,41-2.2.1.2,LABEL,Electrical equipment having basic insulation only with supplementary insulation applied during erection shall have the symbol IEC 60417 5019 fixed in a visible position on the exterior and interior of the enclosure.,Supplementary insulation symbol on enclosure exterior and interior,Physical Protection,HIGH
PP-003,41-2.2.1.3,LABEL,Electrical equipment having uninsulated live parts with reinforced insulation applied during erection shall have the symbol IEC 60417 5019 fixed in a visible position on the exterior and interior of the enclosure.,Reinforced insulation symbol on enclosure exterior and interior,Physical Protection,HIGH
PP-004,41-2.2.2.1,CONDITION,All conductive parts separated from live parts by basic insulation only shall be contained in an insulating enclosure affording at least IPXXB or IP2X degree of protection.,Insulating enclosure with IP2X/IPXXB protection around conductive parts,Physical Protection,MEDIUM
PP-005,41-2.2.2.3,CONDITION,"Where lids or doors in the insulating enclosure can be opened without a tool or key, all conductive parts accessible when open shall be behind an insulating barrier (IPXXB or IP2X), removable only by tool or key.",Insulating barrier behind opened door/lid preventing contact with conductive parts,Physical Protection,HIGH
PP-006,41-2.2.2.4,LABEL,Conductive parts enclosed in the insulating enclosure shall not be connected to a protective conductor. PE terminals inside the enclosure shall be marked as PE terminals.,PE terminal marking inside Class II enclosure,Physical Protection,MEDIUM
PP-007,41-1.7.5,CONDITION,"Plugs and socket-outlets for FELV systems shall not be able to enter socket-outlets of other voltage systems, socket-outlets shall not admit plugs of other voltage systems, and socket-outlets shall have a protective conductor contact.",FELV-specific plug/socket that is incompatible with other voltage systems,Physical Protection,MEDIUM
PP-008,41-4.4.3,CONDITION,Plugs and socket-outlets in SELV and PELV systems shall not be able to enter socket-outlets of other voltage systems and shall not have a protective conductor contact (for SELV).,SELV/PELV-specific plug/socket incompatible with other voltage systems,Physical Protection,MEDIUM
PP-009,41-3.3.4,CONDITION,Flexible cables and cords in separated circuits shall be visible throughout any part of their length liable to mechanical damage.,Visible flexible cable/cord run without concealed sections in damage-prone areas,Physical Protection,MEDIUM
PP-010,41-1.6.3.1,PRESENCE,"Where an IT system is designed not to disconnect on first fault, the occurrence of the first fault shall be indicated by either an insulation monitoring device (IMD) or a residual current monitor (RCM), with audible and/or visual signal.",Insulation monitoring device (IMD) with alarm indicator in IT system,Physical Protection,HIGH
TH-001,42-1.2,SPACING,"Fixed equipment which may attain surface temperatures causing a fire hazard shall be mounted on/within or screened by materials that will withstand such temperatures, or mounted at a sufficient distance from any material on which temperatures could have deleterious thermal effects.",Heat-producing equipment with clearance to combustible materials or heat shielding,Thermal,HIGH
TH-002,42-1.3,CONDITION,"Where arcs or sparks may be emitted by permanently connected equipment, the equipment shall be totally enclosed in arc-resistant material, or screened by arc-resistant material, or mounted at sufficient distance for safe extinction of emissions.",Arc-resistant enclosure or screening around arc-producing equipment,Thermal,HIGH
TH-003,42-1.5,PRESENCE,"Where electrical equipment contains flammable liquid in significant quantity (>25L), adequate precautions shall be taken to prevent the spread of liquid, flame and products of combustion (e.g. retention pit, sills, fire-resistant chamber).",Retention pit or sill or fire-resistant chamber around equipment with flammable liquid,Thermal,MEDIUM
TH-004,42-1.6,CONDITION,Enclosures installed around electrical equipment shall withstand the highest temperature likely to be produced. Combustible materials are not suitable unless covered with non-combustible or not readily combustible material of low thermal conductivity.,Non-combustible enclosure material around electrical equipment,Thermal,MEDIUM
TH-005,42-2.2.2,CONDITION,"In conditions BD2, BD3, BD4 (difficult evacuation), switchgear and controlgear in passages shall be enclosed in cabinets of non-combustible or not readily combustible material.",Non-combustible switchgear cabinet in escape route/passage,Thermal,MEDIUM
TH-006,42-2.2.3,ABSENCE,"In conditions BD3, BD4 and in escape routes, electrical equipment containing flammable liquids shall not be installed.",Absence of equipment containing flammable liquids in escape routes,Thermal,MEDIUM
TH-007,42-2.3.1,SPACING,"Luminaires shall be kept at adequate distance from combustible materials. Spotlights and projectors: 100W or less min 0.5m, >100-300W min 0.8m, >300-500W min 1.0m. A luminaire with a lamp that could eject flammable materials shall have a safety protective shield.",Luminaire clearance to combustible materials with protective shield for ejecting lamps,Thermal,HIGH
TH-008,42-2.3.3,CONDITION,"Switchgear for protection, control and isolation in BE2 (fire risk) locations shall be placed outside unless in an enclosure providing at least IP4X, or IP5X in presence of dust, or IP6X for conductive dust.",IP4X/IP5X/IP6X enclosure for switchgear in fire risk location,Thermal,HIGH
TH-009,42-2.3.12,ABSENCE,"PEN conductors are not allowed in locations where condition BE2 (fire risk) applies, except for circuits traversing such locations with no connection between the PEN conductor and any conductive part.",Absence of PEN conductor connections in fire risk (BE2) locations,Thermal,MEDIUM
TH-010,42-2.3.13,PRESENCE,Every circuit supplying equipment in BE2 locations shall be provided with a means of isolation from all live supply conductors such that no live supply conductor can remain closed when others are open (mechanically linked switch).,Mechanically linked isolation device for circuits in fire risk locations,Thermal,HIGH
TH-011,42-2.4.1,CONDITION,Boxes and enclosures installed in prefabricated hollow walls liable to be drilled shall have a degree of protection of at least IP3X.,IP3X box/enclosure in hollow wall,Thermal,LOW
TH-012,42-4.1,CONDITION,"Supporting parts, frames and enclosures of heating elements in forced air heating systems shall be of non-combustible material.",Non-combustible frame/enclosure of forced air heating element,Thermal,MEDIUM
TH-013,42-4.3,CONDITION,Frame and enclosure of space heating appliances shall be of non-combustible material. Radiant heaters should be mounted with safety distance of at least 2m from flammable parts.,Non-combustible enclosure of space heater and 2m clearance from flammable materials,Thermal,MEDIUM
EM-001,44-4.4.2b,CONDITION,Metal sheaths of cables should be bonded to the Common Bonding Network (CBN).,Bonded metal cable sheath connection to CBN,EMI,MEDIUM
EM-002,44-4.4.2h,SPACING,"Where a lightning protection system is installed, power and signal cables shall be separated from the down conductors of the LPS by either a minimum distance or by use of screening.",Separation between power/signal cables and lightning protection down conductors,EMI,MEDIUM
EM-003,44-4.4.8,CONDITION,Metal pipes and metal armouring of cables entering a building shall be bonded to the main earthing terminal by means of conductors having low impedance.,Bonding connection from metal pipe/cable armour to main earthing terminal at building entry,EMI,HIGH
EM-004,44-4.5.5,COLOR,Functional earthing conductors shall not use the green-and-yellow color reserved for earthing conductors. It is recommended to use the same color throughout the whole installation to mark functional earthing conductors at each end.,"Functional earthing conductor color (not green-yellow, preferably pink)",EMI,MEDIUM
EM-005,44-4.6.2,SPACING,"Where the specification of ICT cable is not available, the cable separation distance between power and ICT cables shall be not less than 200mm in free air.",Minimum 200mm separation between power cables and ICT cables,EMI,MEDIUM
PV-001,712:41-2.101,CONDITION,"Equipment on the DC side of PV installations (PV modules, distribution boards, cabinets) shall be Class II or equivalent insulation according to IEC 61140.",Class II or equivalent insulation marking on PV DC-side equipment,Photovoltaic,HIGH
PV-002,712:51-0.3,CONDITION,Equipment in outdoor PV locations shall have a degree of protection of at least IP44 and a degree of protection against external mechanical impact not less than IK07.,IP44 and IK07 rated equipment in outdoor PV installation,Photovoltaic,HIGH
PV-003,712:51-4.101,LABEL,"A sign indicating the presence of a photovoltaic installation shall be fixed at the origin of the electrical installation, at the metering position (if remote), and at the consumer unit/distribution board to which the PCE supply is connected.","PV installation warning sign at origin, meter position, and distribution board",Photovoltaic,HIGH
PV-004,712:51-4.102,LABEL,"Each point of access to live parts on the DC side (distribution boards, cabinets) shall have a permanent marking bearing the text 'SOLAR DC - Live parts can remain energized after isolation'.",Permanent 'SOLAR DC - Live parts can remain energized' marking on DC-side access points,Photovoltaic,HIGH
PV-005,712:51-4.106.1,LABEL,Disconnection devices shall be marked with an identification name or number according to the PV array wiring diagram. All switches shall have the ON and OFF positions clearly indicated.,Identification label and ON/OFF position indicator on PV disconnection devices,Photovoltaic,HIGH
PV-006,712:51-4.106.2,LABEL,"The PV array DC switch disconnector shall be identified by a sign affixed in a prominent location adjacent to the switch disconnector. Where multiple disconnection devices are not ganged, signage shall warn of multiple DC sources.",Identification sign adjacent to PV array DC switch disconnector,Photovoltaic,HIGH
PV-007,712:51-4.2,COLOR,The identification of AC and DC circuits shall be such that they are clearly distinguishable from each other (e.g. by labels or different colored cables).,Distinguishable AC and DC circuit cables (different colors or labels),Photovoltaic,HIGH
PV-008,712:4.102,COLOR,A cable used for functional earthing in PV installations shall not be identified by the color combination green and yellow. It is recommended to use the color pink.,"Functional earthing conductor in PV (pink color, not green-yellow)",Photovoltaic,MEDIUM
PV-009,712:52-6,ABSENCE,Plugs and socket-outlets normally used for the connection of household equipment to low voltage AC power shall not be used in PV arrays.,Absence of standard household AC plugs/sockets in PV array,Photovoltaic,HIGH
PV-010,712:52-6.101,CONDITION,"Connectors on the DC side of PV installations shall be especially suitable for the DC side. Connectors accessible to non-skilled persons shall be disconnectable only by key or tool, or installed within a lockable enclosure.",PV DC-specific connector with key/tool lock or in lockable enclosure,Photovoltaic,HIGH
PV-011,712:52-6.102,CONDITION,"Where conductors enter a PV combiner box without conduit, a tension relief arrangement (e.g. gland connector) shall be used. All cable entries shall maintain the IP rating of the enclosure.",Tension relief/gland connector at PV combiner box cable entries maintaining IP rating,Photovoltaic,MEDIUM
PV-012,712:51-4.103,LABEL,"All PCEs should bear a marking indicating that, before any servicing operation, the PCE shall be isolated from all supplies.",Isolation warning marking on PCE (power conditioning equipment),Photovoltaic,MEDIUM
SN-001,703:51-2.2,CONDITION,"Equipment in sauna rooms shall have at least IP24 degree of protection. If cleaning by water jets may be expected, equipment shall be at least IPX5.",IP24 (or IPX5) rated equipment in sauna room,Sauna,HIGH
SN-002,703:53-6.5,ABSENCE,Socket-outlets shall not be erected within the location containing the sauna heater.,Absence of socket-outlets inside sauna room,Sauna,HIGH
SN-003,703:53-6.5,POSITION,Switchgear and controlgear for lighting (not part of sauna heater) shall be placed outside the sauna room or cabin.,Switchgear and controlgear for sauna lighting mounted outside sauna room,Sauna,HIGH
SN-004,703:52-2,CONDITION,Metallic sheaths and metallic conduits in sauna rooms shall not be accessible in normal use.,Inaccessible metallic sheaths/conduits in sauna room,Sauna,MEDIUM
CS-001,704:53-6.2.2,CONDITION,"Each assembly for construction sites (ACS) shall incorporate devices for isolating the incoming supply, suitable for securing in the off position (e.g. padlocking facility or lockable enclosure).",Lockable isolation device (padlock facility) on construction site assembly,Construction Site,HIGH
CS-002,704:52-2.8.101,CONDITION,"Cables should not be run across site roads or walkways. Where necessary, special protection against mechanical damage shall be provided.",Mechanical protection for cables crossing construction site roads/walkways,Construction Site,MEDIUM
AG-001,705:51-2.2,CONDITION,"In agricultural or horticultural premises, electrical equipment shall have a minimum degree of protection of IP44. Where IP44 is not available, equipment shall be placed in an IP44-complying enclosure.",IP44 rated electrical equipment or enclosure in agricultural premises,Agricultural,HIGH
AG-002,705:51-3.2,POSITION,Electrical equipment generally shall be inaccessible to livestock. Equipment unavoidably accessible shall be adequately constructed and installed to avoid damage by and minimize risk of injury to livestock.,Electrical equipment positioned inaccessible to livestock or livestock-proof,Agricultural,HIGH
AG-003,705:42-2.6,SPACING,Radiant heaters in agricultural premises shall be installed at a distance of at least 0.5m from livestock and from combustible material unless a greater distance is specified by the manufacturer.,Radiant heater minimum 0.5m from livestock and combustible material in agricultural premises,Agricultural,MEDIUM
AG-004,705:53,LABEL,Only electrical heating appliances with visual indication of the operating position shall be used in agricultural premises.,Visual ON/OFF position indicator on electrical heating appliances in agricultural premises,Agricultural,MEDIUM
AG-005,705:53-6.2,LABEL,Isolation devices in agricultural premises shall be marked according to the part of the installation to which they belong. Devices for isolation and emergency stopping shall not be accessible to livestock.,Labeled isolation device in agricultural premises inaccessible to livestock,Agricultural,MEDIUM
AG-006,705:51-4.4.3,LABEL,"A plan indicating the location of all electrical equipment, the routing of all concealed cables, a single line distribution diagram, and an equipotential bonding diagram shall be provided to the user of the installation.",Installation documentation/diagrams provided to user in agricultural premises,Agricultural,MEDIUM
AG-007,705:55-9,LABEL,"In areas with fire risk and combustible dust coating, only luminaires marked in accordance with IEC 60598-2-24 (limited surface temperature) shall be used. Luminaires marked with 'not suitable for normally flammable surfaces' shall have IP54.",IEC 60598-2-24 marked luminaire (limited surface temperature) in agricultural fire risk area,Agricultural,MEDIUM
CR-001,706:41-4.3.101,POSITION,"Sources for SELV and PELV in conducting locations with restricted movement shall be situated outside the conducting location, unless they are part of the fixed installation within the location.",SELV/PELV source positioned outside conducting location with restricted movement,Confined/Restricted,MEDIUM
CR-002,706:41-3.3.2,POSITION,The source for electrical separation in conducting locations with restricted movement shall be situated outside the conducting location unless it is part of the fixed installation within the location.,Isolating transformer/source positioned outside conducting restricted location,Confined/Restricted,MEDIUM
CV-001,708:51-2.2.1.101,CONDITION,Equipment in caravan/camping parks shall be selected with a degree of protection of at least IPX4 to protect against water splashes (AD4).,IPX4 rated equipment in caravan/camping park,Caravan,HIGH
CV-002,708:55.101.1,CONDITION,Every socket-outlet in caravan parks shall comply with IEC 60309-2 and meet IP44 or such protection shall be provided by an enclosure. Socket-outlets shall be interlocked.,IEC 60309-2 compliant interlocked IP44 socket-outlet in caravan park,Caravan,HIGH
CV-003,708:55.101.3,CONDITION,No more than four socket-outlets shall be grouped together in any one enclosure in caravan parks to maintain IP degree when in use.,Maximum 4 socket-outlets per enclosure in caravan park,Caravan,MEDIUM
CV-004,708:55.101.6,POSITION,The lowest part of any socket-outlet in caravan/camping parks shall be placed at a height between 0.5m and 1.5m from the ground.,Socket-outlet height 0.5m-1.5m from ground in caravan/camping park,Caravan,HIGH
CV-005,708:52-1.7.103,CONDITION,Every overhead conductor in caravan/camping parks shall be insulated. Overhead conductors shall be at a height above ground of not less than 6m in vehicle areas and 3.5m in other areas.,Insulated overhead conductor at minimum 6m/3.5m height in caravan park,Caravan,HIGH
MR-001,709:51-2.2.1.1,CONDITION,"Equipment installed on or above a jetty/wharf/pier/pontoon in marinas shall be selected: IPX4 for water splashes, IPX5 for water jets, IPX6 for water waves.",IPX4/IPX5/IPX6 rated equipment on marina jetty/pontoon,Marina,HIGH
MR-002,709:55-6.6.1,CONDITION,"Every socket-outlet in marinas (up to 63A) shall comply with IEC 60309-2 and meet IP44, or IPX5/IPX6 where AD5/AD6 applies.",IEC 60309-2 compliant IP44 socket-outlet in marina,Marina,HIGH
MR-003,709:55-6.6.6,POSITION,Every socket-outlet on fixed jetties/piers and floating pontoons in marinas shall be placed to avoid the effect of splashing and/or submersion.,Socket-outlet positioned to avoid splashing/submersion on marina jetty/pontoon,Marina,HIGH
MR-004,709:52-1.8.3,CONDITION,All overhead conductors in marinas shall be insulated. Overhead conductors shall be at a height above ground of not less than 6m in vehicle areas and 3.5m in other areas.,Insulated overhead conductor at minimum 6m/3.5m height in marina,Marina,MEDIUM
MR-005,709:55-6.6.3,CONDITION,No more than four socket-outlets shall be grouped together in any one enclosure in marinas.,Maximum 4 socket-outlets per enclosure in marina,Marina,MEDIUM
EX-001,711:51.101,CONDITION,"Control and protective switchgear in exhibitions shall be placed in closed cabinets which can only be opened by the use of a key or a tool, except for parts designed to be operated by ordinary persons.",Key/tool-locked cabinet for switchgear in exhibition/show,Exhibition,HIGH
EX-002,711:42-2.4.101,SPACING,"Lighting equipment with high temperature surfaces (incandescent lamps, spotlights, projectors) shall be suitably guarded and arranged well away from combustible material to prevent contact.",High-temperature lighting guarded and spaced from combustible material in exhibition,Exhibition,HIGH
EX-003,711:55-9.3.101,POSITION,Luminaires mounted below 2.5m (arm's reach) from floor level in exhibitions shall be firmly fixed and sited or guarded to prevent risk of injury or ignition of materials.,Firmly fixed/guarded luminaire below 2.5m in exhibition,Exhibition,HIGH
EX-004,711:55-9.3.103.4,LABEL,"A separate circuit shall supply high-voltage signs/lamps in exhibitions, controlled by an emergency switch that is easily visible, accessible and marked.","Marked, visible, accessible emergency switch for high-voltage signage in exhibition",Exhibition,HIGH
EX-005,711:52.101,CONDITION,Flexible cables in exhibitions shall not be laid in areas accessible to the public unless protected against mechanical damage.,Mechanical protection for flexible cables in public areas of exhibition,Exhibition,MEDIUM
EX-006,711:52-6.101,CONDITION,Joints in cables in exhibitions shall be made using connectors or in an enclosure with at least IP4X or IPXXD degree of protection.,IP4X/IPXXD enclosure for cable joints in exhibition,Exhibition,MEDIUM
EX-007,711:53-6.2.1.1,LABEL,Every separate temporary structure in exhibitions shall be provided with its own readily accessible and properly identifiable means of isolation.,"Readily accessible, identifiable isolation device for each exhibition stand/structure",Exhibition,HIGH
OL-001,714:A.41,CONDITION,Enclosures of luminaires and lighting installations in external lighting shall prevent access to live parts without the use of a tool or key. All doors shall be lockable with a key or tool regardless of height.,Tool/key-locked enclosure doors for outdoor luminaires,Outdoor Lighting,HIGH
OL-002,714:A.41,CONDITION,"For outdoor luminaires at a height of less than 2.8m above ground, access to the light source shall only be possible after removing a barrier or enclosure requiring the use of a tool.",Tool-removable barrier for light source access on outdoor luminaire below 2.8m,Outdoor Lighting,HIGH
OL-003,714:51-2.2.5,CONDITION,Electrical equipment in external lighting installations shall have at least IP33. Equipment mounted externally on lighting columns: at least IP44. Lanterns: at least IP54.,IP33/IP44/IP54 rated equipment/lanterns in outdoor lighting installation,Outdoor Lighting,HIGH
OL-004,714:53-6.2.1.1,PRESENCE,Every circuit in external lighting installations shall be capable of being individually isolated from each of the live supply conductors.,Individual circuit isolation device for each outdoor lighting circuit,Outdoor Lighting,MEDIUM
EL-001,715:52-1.1,ABSENCE,"Metallic structural parts of buildings (e.g. pipe systems, parts of furniture) shall not be used as live conductors in ELV lighting installations.",Absence of building structural parts used as live conductors in ELV lighting,Extra-low Voltage,HIGH
EL-002,715:52-1.106,CONDITION,Bare conductors in ELV lighting (25V ac or less or 60V dc or less) shall not be placed directly on combustible material. At least one conductor and its terminals shall be insulated between transformer and protective device.,Bare ELV conductors not on combustible material; insulated conductor between transformer and protective device,Extra-low Voltage,MEDIUM
EL-003,715:52-1.107,CONDITION,"Suspension devices for ELV luminaires shall carry 5x the mass of luminaires, but not less than 5kg. Insulation piercing connectors and counterweight termination wires hung over suspended conductors shall not be used.","Adequate suspension device for ELV luminaire (5x mass, min 5kg), no piercing connectors",Extra-low Voltage,MEDIUM
EL-004,715:52-1.107,CONDITION,Suspended systems with bare conductors in ELV lighting shall be fixed to walls or ceilings by insulated fixing means and shall be continuously accessible throughout the route.,Insulated fixings and continuous accessibility for suspended bare ELV conductors,Extra-low Voltage,MEDIUM
EL-005,715:53-0.3.104,LABEL,"If the identification of a protective device for a circuit in ELV lighting is not immediately evident, a sign or diagram (label) close to the protective device shall identify the circuit and its purpose.",Identification label/diagram near protective device for ELV lighting circuit,Extra-low Voltage,MEDIUM
MO-001,717:51-4.1,LABEL,"A permanent notice of durable material shall be fixed to the mobile/transportable unit in a prominent position, preferably adjacent to the supply inlet connector, stating the type of supply, voltage rating, number of phases, earthing arrangement, and maximum power.",Permanent rating notice adjacent to supply inlet connector on mobile unit,Mobile,HIGH
MO-002,717:51-4.1,LABEL,"For socket-outlets individually protected by electrical separation in mobile units, a durable indication shall be located adjacent to these socket-outlets stating that only one item of equipment shall be connected to each socket-outlet.",Warning label at electrically separated socket-outlets: 'one item of equipment only',Mobile,MEDIUM
MO-003,717:55-6.5.1.1,CONDITION,Plugs on mobile/transportable units shall have an enclosure of insulating material. Plugs and socket-outlets located outside shall afford IP44. Appliance inlets shall provide at least IP55.,"Insulating plug enclosure, IP44 socket-outlets, IP55 appliance inlets on mobile unit",Mobile,HIGH
MO-004,717:52-1.11,CONDITION,The flexible cable connecting a mobile unit to supply shall enter the unit by an insulating inlet minimizing insulation damage risk. The cable sheath shall be firmly gripped by the cable gland or anchored to prevent stress on the termination.,Insulating cable inlet and firmly gripped/anchored cable gland on mobile unit,Mobile,HIGH
MO-005,717:31-2.2.1,ABSENCE,The use of the TN-C system is not permitted inside any mobile or transportable unit.,Absence of TN-C system inside mobile/transportable unit,Mobile,MEDIUM
MO-006,717:55-6.5.1.1,POSITION,The plug part for connecting the mobile/transportable unit to the supply shall be situated on the unit.,Supply plug situated on the mobile/transportable unit itself,Mobile,MEDIUM
